ingredient,cmr,product_type
THIOGLYCOLIC ACID,,Hair Products
THIOGLYCOLIC ACID,,Depilatories
THIOGLYCOLIC ACID,,Hair Rinse-Off Products
THIOGLYCOLIC ACID,,Products Intended For Eyelash Waving
THIOGLYCOLIC ACID ESTERS,,Hair Waving Or Straightening Products
OXALIC ACID,,Hair Products
AMMONIA,,
CHLORAMINE-T,,
POTASSIUM CHLORATE,,Toothpaste
POTASSIUM CHLORATE,,Other Products
SODIUM CHLORATE,,Toothpaste
SODIUM CHLORATE,,Other Products
P-PHENYLENEDIAMINE AND ITS SALTS,,Hair Dye Substance In Oxidative Hair Dye Products
P-PHENYLENEDIAMINE,,Products Intended For Colouring Eyelashes
P-PHENYLENEDIAMINE HCL,,Products Intended For Colouring Eyelashes
P-PHENYLENEDIAMINE SULPHATE,,Products Intended For Colouring Eyelashes
"N,N'-BIS(2-HYDROXYETHYL)-2-NITRO-P-PHENYLENEDIAMINE",,Hair Dye Substance In Oxidative Hair Dye Products
"N,N'-BIS(2-HYDROXYETHYL)-2-NITRO-P-PHENYLENEDIAMINE",,Hair Dye Substance In Non-Oxidative Hair Dye Products
N-SUBSTITUTED DERIVATIVES OF P- PHENYLENEDIAMINE AND THEIR SALTS,,Hair Dye Substance In Oxidative Hair Dye Products
"N- SUBSTITUTED DERIVATIVES OF O-PHENYLENEDIAMINE (1 ), WITH EXCEPTION OF THOSE DERIVATIVES LISTED ELSEWHERE IN THIS ANNEX AND UNDER REFERENCE NUMBERS 1309, 1311, AND 1312 IN ANNEX II",,Hair Dye Substance In Oxidative Hair Dye Products
"TOLUENE-2,5-DIAMINE 
TOLUENE-2,5-DIAMINE SULPHATE",,Products Intended For Colouring Eyelashes
"2,6-DIHYDROXYETHYLAMINOTOLUENE",,Hair Dye Substance In Oxidative Hair Dye Products
"METHYLPHENYLENEDIAMINES, THEIR N-SUBSTITUTED DERIVATIVES AND THEIR SALTS (1) WITH THE EXCEPTION OF THE SUBSTANCE UNDER REFERENCE NUMBER 9A IN THIS ANNEX AND SUBSTANCES UNDER REFERENCE NUMBERS 364, 1310 AND 1313 IN ANNEX II",,Hair Dye Substance In Oxidative Hair Dye Products
"METHYLPHENYLENEDIAMINES, THEIR N- SUBSTITUTED DERIVATIVES AND THEIR SALTS (1), WITH THE EXCEPTION OF THE SUBSTANCE LISTED UNDER REFERENCE NUMBERS 9 A AND 9 B OF THIS ANNEX AND THE SUBSTANCES LISTED UNDER REFERENCE NUMBERS 364, 413, 1144, 1310, 1313 AND 1507 OF ANNEX II",,Hair Dye Substance In Oxidative Hair Dye Products
DIAMINOPHENOLS (1),,Oxidising Colouring Agents For Hair Dyeing
DICHLOROPHEN,,
HYDROGEN PEROXIDE,,Hair Products
HYDROGEN PEROXIDE,,Skin Products
HYDROGEN PEROXIDE,,Nail Hardening Products
HYDROGEN PEROXIDE,,"Oral Products, Including Mouth Rinse, Tooth Paste And Tooth Whitening Or Bleaching Products"
HYDROGEN PEROXIDE,,Tooth Whitening Or Bleaching Products
HYDROGEN PEROXIDE,,Products Intended For Eyelashes
HYDROQUINONE,Carcinogenic Cat. 2 Mutagenic Cat. 2,Artificial Nail Systems
POTASSIUM HYDROXIDE,,Nail Cuticle Solvent
POTASSIUM HYDROXIDE,,Hair Straightener
POTASSIUM HYDROXIDE,,Ph Adjuster For Depilatories
POTASSIUM HYDROXIDE,,Other Uses As Ph Adjuster Callosity Softener/Remover (Entry 15D)
SODIUM HYDROXIDE,,Nail Cuticle Solvent
SODIUM HYDROXIDE,,Hair Straightener
SODIUM HYDROXIDE,,Ph Adjuster For Depilatories
SODIUM HYDROXIDE,,Other Uses As Ph Adjuster Callosity Softener/Remover (Entry 15D)
LITHIUM HYDROXIDE,,Hair Straightener
LITHIUM HYDROXIDE,,Ph Ajuster For Depilatories
LITHIUM HYDROXIDE,,Other Uses As Ph Ajuster (For Rinse-Off Products Only)
CALCIUM HYDROXIDE,,Hair Straighteners Containing Two Components: Calcium Hydroxide And A Guanidine Salt
CALCIUM HYDROXIDE,,Ph Ajuster For Depilatories
CALCIUM HYDROXIDE,,"Other Uses (E.G. Ph Adjuster, Processing Aid)"
1-NAPHTHOL,,Hair Dye Substance In Oxidative Hair Dye Products
SODIUM NITRITE,,Rust Inhibitor
NITROMETHANE,,Rust Inhibitor
QUININE,,Hair Rinse-Off Products
QUININE,,Hair Leave-On Products
RESORCINOL,,Hair Dye Substance In Oxidative Hair Dye Products
RESORCINOL,,Products Intended For Colouring Eyelashes
RESORCINOL,,Hair Lotions And Shampoos
"(A) ALKALI SULPHIDES 
(B) ALKALINE EARTH SULPHIDES",,Depilatories
ZINC ACETATE,,
ZINC CHLORIDE,,
ZINC GLUCONATE,,
ZINC GLUTAMATE,,
ZINC PHENOLSULFONATE,,"Deodorants, Antiperspirants And Astringent Lotions"
AMMONIUM MONOFLUOROPHOSPHATE,,Oral Products
SODIUM MONOFLUOROPHOSPHATE,,Oral Products
POTASSIUM MONOFLUOROPHOSPHATE,,Oral Products
CALCIUM MONOFLUOROPHOSPHATE,,Oral Products
CALCIUM FLUORIDE,,Oral Products
SODIUM FLUORIDE,,Oral Products
POTASSIUM FLUORIDE,,Oral Products
AMMONIUM FLUORIDE,,Oral Products
ALUMINIUM FLUORIDE,,Oral Products
STANNOUS FLUORIDE,,Oral Products
CETYLAMINE HYDROFLUORIDE,,Oral Products
3-(N-HEXADECYL-N-2-HYDROXYETHYLAMMONIO) PROPYLBIS (2-HYDROXYETHYL) AMMONIUM DIFLUORIDE,,Oral Products
"N,N',N'-TRIS(POLYOXYETHYLENE)-N-HEXADECYLPROPYLENEDIAMINE DIHYDROFLUORIDE",,Oral Products
OCTADECENYLAMMONIUM FLUORIDE,,Oral Products
SODIUM FLUOROSILICATE,,Oral Products
POTASSIUM FLUOROSILICATE,,Oral Products
AMMONIUM FLUOROSILICATE,,Oral Products
MAGNESIUM FLUOROSILICATE,,Oral Products
DIMETHYLOL ETHYLENE THIOUREA,,Hair Products
DIMETHYLOL ETHYLENE THIOUREA,,Nail Products
BENZYL ALCOHOL,,Solvent
BENZYL ALCOHOL,,Fragrance/ Aromatic Compositions/ Their Raw Materials
6-METHYLCOUMARIN,,Oral Products
NICOMETHANOL HYDROFLUORIDE,,Oral Products
SILVER NITRATE,,Only For Colouring Eyelashes And Eyebrows
SELENIUM DISULPHIDE,,Antidandruff Shampoos
ALUMINIUM ZIRCONIUM CHLORIDE HYDROXIDE COMPLEXES ALXZR(OH)YCLZ AND THE ALUMINIUM ZIRCONIUM CHLORIDE HYDROXIDE GLYCINE COMPLEXES,,Anti-Perspirants
OXYQUINOLINE SULFATE,,Stabilizer For Hydrogen Peroxide In Rinse-Off Hair Products
OXYQUINOLINE SULFATE,,Stabilizer For Hydrogen Peroxide In Leave-On Hair Products
METHYL ALCOHOL,,Denaturant For Ethanol And Isopropyl Alcohol
ETIDRONIC ACID,,Hair Product
ETIDRONIC ACID,,Soap
1-PHENOXYPROPAN-2-OL (8),,Rinse-Off Products Not To Be Used In Oral Products
MAGNESIUM FLUORIDE,,Oral Products
STRONTIUM CHLORIDE,,Oral Products
STRONTIUM CHLORIDE,,Shampoo And Face Products
STRONTIUM ACETATE,,Oral Products
TALC,,Powdery Products Intended To Be Used For Children Under 3 Years Of Age
TALC,,Other Products
FATTY ACID DIALKYLAMIDES AND DIALKANOLAMIDES,,
"MONOALKYLAMINES, MONOALKANOLAMINES AND THEIR SALTS",,
"TRIALKYLAMINES, TRIALKANOLAMINES AND THEIR SALTS",,Leave-On Products
"TRIALKYLAMINES, TRIALKANOLAMINES AND THEIR SALTS",,Rinse-Off Products
STRONTIUM HYDROXIDE,,Ph-Adjuster For Depilatories
STRONTIUM PEROXIDE,,Rinse-Off Hair Products
BENZALKONIUM CHLORIDE,,Rinse-Off Hair (Head) Products
BENZALKONIUM BROMIDE,,Rinse-Off Hair (Head) Products
BENZALKONIUM SACCHARINATE,,Rinse-Off Hair (Head) Products
POLYACRYLAMIDES,,Body Leave-On Products
POLYACRYLAMIDES,,Other Products
AMYL CINNAMAL,,
CINNAMYL ALCOHOL,,
CITRAL,,
GERANIAL,,
NERAL,,
EUGENOL,,
HYDROXYCITRONELLAL,,Oral Products
HYDROXYCITRONELLAL,,Other Products
ISOEUGENOL,,Oral Products
ISOEUGENOL,,Other Products
AMYLCINNAMYL ALCOHOL,,
BENZYL SALICYLATE,,
CINNAMAL,,
COUMARIN,,
GERANIOL,,
ANISE ALCOHOL,,
BENZYL CINNAMATE,,
FARNESOL,,
LINALOOL,,
BENZYL BENZOATE,,
CITRONELLOL,,
HEXYL CINNAMAL,,
LIMONENE,,
METHYL 2-OCTYNOATE,,Oral Products
METHYL 2-OCTYNOATE,,Other Products
ALPHA-ISOMETHYL IONONE,,
EVERNIA PRUNASTRI EXTRACT,,
EVERNIA FURFURACEA EXTRACT,,
DIAMINOPYRIMIDINE OXIDE,,Hair Products
BENZOYL PEROXIDE,,Artificial Nail Systems
P-HYDROXYANISOLE,,Artificial Nail Systems
MUSK XYLENE,Carcinogenic Cat. 2,"All Cosmetic Products, With The Exception Of Oral Products Note: 'Due To Environmental Concerns, Musk Xylene Is Included In The Authorisation List (Annex Iv) Of Reach. Musk Xylene Cannot Be Placed On The Market Or Used Unless Authorisation Has Been Granted Under Reach’"
MUSK KETONE,Carcinogenic Cat. 2,"All Cosmetic Products, With The Exception Of Oral Care Products"
SALICYLIC ACID,Reprotoxic Cat. 2,Rinse-Off Hair Products
SALICYLIC ACID,Reprotoxic Cat. 2,"Other Products Except Body Lotion, Eye Shadow, Mascara, Eyeliner, Lipstick, Roll-On Deodorant"
SALICYLIC ACID,Reprotoxic Cat. 2,"Body Lotion, Eye Shadow, Mascara, Eyeliner, Lipstick, Roll-On Deodorant"
INORGANIC SULFITES AND BISULFITES (12),,Oxidative Hair Dye Products
INORGANIC SULFITES AND BISULFITES (12),,Hair Straightening Products
INORGANIC SULFITES AND BISULFITES (12),,Self-Tanning Products For The Face
INORGANIC SULFITES AND BISULFITES (12),,Other Self-Tanning Products
TRICLOCARBAN,,Rinse-Off Products
METHYL EUGENOL,,Fine Fragrance
METHYL EUGENOL,,Eau De Toilette
METHYL EUGENOL,,Fragrance Cream
METHYL EUGENOL,,Other Leave-On Products And Oral Products
METHYL EUGENOL,,Rinse-Off Products
ABIES ALBA CONE OIL,,
ABIES ALBA CONE EXTRACT,,
ABIES ALBA LEAF OIL,,
ABIES ALBA LEAF CERA,,
ABIES ALBA NEEDLE EXTRACT,,
ABIES ALBA NEEDLE OIL,,
ABIES PECTINATA OIL AND EXTRACT,,
ABIES SIBIRICA OIL AND EXTRACT,,
ABIES BALSAMEA OIL AND EXTRACT,,
PINUS MUGO PUMILIO OIL AND EXTRACT,,
PINUS MUGO LEAF OIL,,
PINUS MUGO TWIG LEAF EXTRACT,,
PINUS MUGO TWIG OIL,,
PINUS SYLVESTRIS OIL AND EXTRACT,,
PINUS NIGRA OIL AND EXTRACT,,
PINUS PALUSTRIS OIL AND EXTRACT,,
PINUS PINASTER OIL AND EXTRACT,,
PINUS PUMILA NEEDLE EXTRACT,,
PINUS PUMILA TWIG LEAF EXTRACT,,
PINUS PUMILA TWIG LEAF OIL,,
PINUS SPECIES OIL AND EXTRACT,,
PINUS CEMBRA OIL AND EXTRACT,,
PINUS CEMBRA EXTRACT ACETYLATED,,
PICEA MARIANA OIL AND EXTRACT,,
THUJA OCCIDENTALIS OIL AND EXTRACT,,
3-CARENE,,
"3,7,7-TRIMETHYLBICYCLO[4.1.0]HEPT-3-ENE (ISODIPRENE)",,
CEDRUS ATLANTICA BARK EXTRACT,,
CEDRUS ATLANTICA BARK OIL,,
CEDRUS ATLANTICA BARK WATER,,
CEDRUS ATLANTICA LEAF EXTRACT,,
CEDRUS ATLANTICA WOOD EXTRACT,,
CEDRUS ATLANTICA WOOD OIL,,
CUPRESSUS SEMPERVIRENS OIL AND EXTRACT,,
TURPENTINE,,
TERPENE ALCOHOLS ACETATES,,
TERPENE HYDROCARBONS,,
"TERPENES AND TERPENOIDS WITH THE EXCEPTION OF LIMONENE (D-, L-, AND DL-ISOMERS) LISTED UNDER REFERENCE NUMBERS 88, 167 AND 168 OF THIS ANNEX III",,
TERPENES AND TERPENOIDS,,
ALPHA-TERPINENE,,
GAMMA-TERPINENE,,
"P-MENTHA-1,4-DIENE",,
TERPINOLENE,,
ACETYL HEXAMETHYL INDAN,,Leave-On Products
ACETYL HEXAMETHYL INDAN,,Rinse-Off Products
"1,1,2,3,3,6-HEXAMETHYLINDAN-5-YL METHYL KETONE",,Leave-On Products
"1,1,2,3,3,6-HEXAMETHYLINDAN-5-YL METHYL KETONE",,Rinse-Off Products
ALLYL BUTYRATE,,
2-PROPENYL BUTANOATE,,
ALLYL CINNAMATE,,
2-PROPENYL 3-PHENYL-2-PROPENOATE,,
ALLYL CYCLOHEXYLACETATE,,
ALLYL CYCLOHEXYLPROPIONATE,,
ALLYL HEPTANOATE,,
2-PROPENYL HEPTANOATE,,
ALLYL CAPROATE,,
ALLYL ISOVALERATE,,
ALLYL OCTANOATE,,
ALLYL PHENOXYACETATE,,
ALLYL PHENYLACETATE,,
"ALLYL 3,5,5-TRIMETHYLHEXANOATE",,
ALLYL CYCLOHEXYLOXYACETATE,,
ALLYL ISOAMYLOXYACETATE,,
ALLYL 2-METHYLBUTOXYACETATE,,
ALLYL NONANOATE,,
ALLYL PROPIONATE,,
ALLYL PHENETHYL ETHER,,
ALLYL TRIMETHYLHEXANOATE,,
ALLYL HEPTINE CARBONATE,,
AMYLCYCLOPENTENONE,,
MYROXYLON BALSAMUM PEREIRAE BALSAM EXTRACT,,
MYROXYLON BALSAMUM PEREIRAE BALSAM OIL,,
MYROXYLON PEREIRAE OIL,,
MYROXYLON PEREIRAE RESIN EXTRACT,,
MYROXYLON PEREIRAE RESIN,,
4-TERT.-BUTYLDIHYDROCINNAMALDEHYDE,,
CUMINUM CYMINUM OIL AND EXTRACT,,Leave-On Products
CUMINUM CYMINUM OIL AND EXTRACT,,Rinse-Off Products
ALPHA-DAMASCONE,,Oral Products
ALPHA-DAMASCONE,,Other Products
CIS-ROSE KETONE 1,,Oral Products
CIS-ROSE KETONE 1,,Other Products
TRANS-ROSE KETONE 1,,Oral Products
TRANS-ROSE KETONE 1,,Other Products
ROSE KETONE 4 (DAMASCONE),,Oral Products
ROSE KETONE 4 (DAMASCONE),,Other Products
ROSE KETONE 3 (DELTA-DAMASCONE),,Oral Products
ROSE KETONE 3 (DELTA-DAMASCONE),,Other Products
TRANS-ROSE KETONE 3,,Oral Products
TRANS-ROSE KETONE 3,,Other Products
CIS-ROSE KETONE 2 (CIS-BETA-DAMASCONE),,Oral Products
CIS-ROSE KETONE 2 (CIS-BETA-DAMASCONE),,Other Products
TRANS-ROSE KETONE 2 (TRANS-BETA-DAMASCONE),,Oral Products
TRANS-ROSE KETONE 2 (TRANS-BETA-DAMASCONE),,Other Products
TRANS-ROSE KETONE-5,,
ROSE KETONE-5,,
TRANS-2-HEXENAL,,Oral Products
TRANS-2-HEXENAL,,Other Products
PERILLALDEHYDE,,Oral Products
PERILLALDEHYDE,,Other Products
ISOBERGAMATE,,
SCENTENAL,,
3-METHYLNON-2-ENENITRILE,,
METHYL OCTINE CARBONATE,,Oral Products
METHYL OCTINE CARBONATE,,Others Products
AMYLVINYLCARBINYL ACETATE,,Oral Products
AMYLVINYLCARBINYL ACETATE,,Other Products
3-PROPYLIDENEPHTHALIDE,,Oral Products
3-PROPYLIDENEPHTHALIDE,,Other Produts
ISOCYCLOGERANIOL,,
2-HEXYLIDENE CYCLOPENTANONE,,Oral Products
2-HEXYLIDENE CYCLOPENTANONE,,Other Products
METHYLHEPTADIENONE,,Oral Products
METHYLHEPTADIENONE,,Other Products
P-METHYLHYDROCINNAMIC ALDEHYDE,,
LIQUIDAMBAR ORIENTALIS OIL AND EXTRACT (STYRAX),,
LIQUIDAMBAR STYRACIFLUA OIL AND EXTRACT (STYRAX),,
"1-(5,6,7,8-TETRAHYDRO-3,5,5,6,8,8,-HEXAMETHYL-2-NAPHTHYL)ETHAN-1-ONE (AHTN)",,All Cosmetic Products With The Exception Of Oral Products
OPOPONAX OIL,,
OPOPANAX CHIRONIUM RESIN EXTRACT,,
TOLUENE,Reprotoxic Cat. 2,Nail Products
DIETHYLENE GLYCOL,,As Traces In Ingredients
BUTOXYDIGLYCOL,,Solvent In Hair Dye Products
BUTOXYETHANOL,,A) Solvent In Oxidative Hair Dye Products B) Solvent In Non-Oxidative Hair Dye Products
CI 19140,,Hair Dye Substance In Non-Oxidative Hair Dye Products
ACID YELLOW 23,,Hair Dye Substance In Non-Oxidative Hair Dye Products
ACID BLUE 9,,Hair Dye Substance In Non-Oxidative Hair Dye Products
CURRY RED,,Hair Dye Substance In Non-Oxidative Hair Dye Products
ACID RED 18,,Hair Dye Substance In Non-Oxidative Hair Dye Products
ACID RED 52,,Hair Dye Substance In Oxidative Hair Dye Products
ACID RED 52,,Hair Dye Substance In Non-Oxidative Hair Dye Products
GLYOXAL,Mutagenic Cat. 2(when conc.> or equal 1%),
ACID BLUE 62,,Hair Dye Substance In Non-Oxidative Hair Dye Products
HC BLUE NO. 11,,Hair Dye Substance In Non-Oxidative Hair Dye Products
LIPPIA CITRIODORA ABSOLUTE,,
ETHYL LAUROYL ARGINATE HCL,,Soap
ETHYL LAUROYL ARGINATE HCL,,Anti- Dandruff Shampoos
ETHYL LAUROYL ARGINATE HCL,,"Deodorants, Not In Form Of Spray"
"N,N-BIS(2-HYDROXYETHYL)- P-PHENYLENEDIAMINE SULFATE",,Hair Dye Substance In Oxidative Hair Dye Products
4- CHLORORESORCINOL,,Hair Dye Substance In Oxidative Hair Dye Products
HC VIOLET NO. 2,,Hair Dye Substance In Non-Oxidative Hair Dye Products
TETRAAMINOPYRIMIDINE SULFATE,,Hair Dye Substance In Oxidative Hair Dye Products
TETRAAMINOPYRIMIDINE SULFATE,,Hair Dye Substance In Non-Oxidative Hair Dye Products
TETRAAMINOPYRIMIDINE SULFATE,,Products In­Tended For Col­Ouring Eyelashes
2-CHLORO-6-ETHYLAMINO-4-NITROPHENOL,,A) Hair Dye Substance In Oxidative Hair Dye Product B) Hair Dye Substance In Non-Oxidative Hair Dye Product
"1,3-BIS-(2,4-DIAMINOPHENOXY)PROPANE",,Hair Dye Substance In Oxidative Hair Dye Products
6-METHOXY-2-METHYLAMINO-3-AMINOPYRIDINE HCL,,Hair Dye Substance In Oxidative Hair Dye Products
6-METHOXY-2-METHYLAMINO-3-AMINOPYRIDINE HCL,,Hair Dye Substance In Non-Oxidative Hair Dye Products
6-METHOXY-2-METHYLAMINO-3-AMINOPYRIDINE HCL,,Products Intended For Colouring Eyelashes
DIHYDROXYINDOLINE,,Hair Dye Substance In Non-Oxidative Hair Dye Products
4-HYDROXYPROPYLAMINO-3-NITROPHENOL,,Hair Dye Substance In Oxidative Hair Dye Products
4-HYDROXYPROPYLAMINO-3-NITROPHENOL,,Hair Dye Substance In Non-Oxidative Hair Dye Products
HYDROXYETHYL-P-PHENYLENE-DIAMINE SULFATE,,Hair Dye Sub­Stance In Oxidat­Ive Hair Dye Products
HYDROXYETHYL-P-PHENYLENE-DIAMINE SULFATE,,Products In­Tended For Col­Ouring Eyelashes
DIHYDROXY-INDOLE,,Hair Dye Substance In Oxidative Hair Dye Products
HC ORANGE NO. 2,,Hair Dye Substance In Non-Oxidative Hair Dye Products
5-AMINO-4-CHLORO-O-CRESOL HCL,,Hair Dye Substance In Oxidative Hair Dye Products
6-HYDROXY-INDOLE,,Hair Dye Substance In Oxidative Hair Dye Products
ISATIN,,Hair Dye Substance In Non-Oxidative Hair Dye Products
2-AMINO-3-HYDROXYPYRIDINE,,Hair Dye Sub­Stance In Oxidat­Ive Hair Dye Products
2-AMINO-3-HYDROXYPYRIDINE,,Products In­Tended For Col­Ouring Eyelashes
1-ACETOXY-2-METHYLNAPH-THALENE,,Hair Dye Substance In Oxidative Hair Dye Products
2-METHYL-1-NAPHTHOL,,Hair Dye Substance In Oxidative Hair Dye Products
ACID YELLOW 1,,Hair Dye Substance In Oxidative Hair Dye Products
ACID YELLOW 1,,Hair Dye Substance In Non-Oxidative Hair Dye Products
4-AMINO-3-NITROPHENOL,,Hair Dye Substance In Oxidative Hair Dye Products
4-AMINO-3-NITROPHENOL,,Hair Dye Substance In Non-Oxidative Hair Dye Products
"2,7-NAPHTHALENEDIOL",,Hair Dye Substance In Oxidative Hair Dye Products
"2,7-NAPHTHALENEDIOL",,Hair Dye Substance In Non- Oxidative Hair Dye Products
M-AMINOPHENOL,,Hair Dye Substance In Oxidative Hair Dye Products
M-AMINOPHENOL,,Products Intended For Colouring Eyelashes
M-AMINOPHENOL HCL,,Hair Dye Substance In Oxidative Hair Dye Products
M-AMINOPHENOL HCL,,Products Intended For Colouring Eyelashes
M-AMINOPHENOL SULFATE,,Hair Dye Substance In Oxidative Hair Dye Products
M-AMINOPHENOL SULFATE,,Products Intended For Colouring Eyelashes
"2,6-DIHYDROXY-3,4-DIMETHYLPYRIDINE",,Hair Dye Substance In Oxidative Hair Dye Products
HC BLUE NO 11,,Hair Dye Substance In Non-Oxidative Hair Dye Products
HYDROXYETHYL-2-NITRO-P-TOLUIDINE,,Hair Dye Substance In Oxidative Hair Dye Products
HYDROXYETHYL-2-NITRO-P-TOLUIDINE,,Hair Dye Substance In Non-Oxidative Hair Dye Products
2-HYDROXYETHYL PICRAMIC ACID,Reprotoxic Cat. 2,Hair Dye Substance In Oxidative Hair Day Products
2-HYDROXYETHYL PICRAMIC ACID,Reprotoxic Cat. 2,Hair Dye Substance In Non-Oxidative Hair Day Products
P-METHYLAMINOPHENOL,,Hair Dye In Oxidative Hair Dye Products
HC VIOLET NO 2,,Hair Dye Substance In Non-Oxidative Hair Dye Products
HC BLUE NO. 12,,Hair Dye Substance In Oxidative Hair Dye Products
HC BLUE NO. 12,,Hair Dye Substance In Non-Oxidative Hair Dye Products
"1,3-BIS-(2,4-DIAMINOPHENOXY)PROPANE 1,3-BIS-(2,4-DIAMINOPHENOXY)PROPANE HCL",,Hair Dye Substance In Oxidative Hair Dye Products
"1,3-BIS-(2,4-DIAMINOPHENOXY)PROPANE 1,3-BIS-(2,4-DIAMINOPHENOXY)PROPANE HCL",,Hair Dye Substance In Non-Oxidative Hair Dye Products
"3-AMINO-2,4-DICHLOROPHENOL",,Hair Dye Substance Oxidative Hair Dye Products
"3-AMINO-2,4-DICHLOROPHENOL",,Hair Dye Substance In Non-Oxidative Hair Dye Products
PHENYL METHYL PYRAZOLONE,,Hair Dye Subtance In Oxidative Hair Dye Products
2-METHYL-5-HYDROXYETHYL AMINOPHENOL,,Hair Dye Substance In Oxidatie Hair Dye Products.
2-METHYL-5-HYDROXYETHYL AMINOPHENOL,,Products Intended For Colouring Eyelashes
HYDROXYBENZOMORPHOLINE,,Hair Dye Substance In Oxidative Hair Dye Products
HC YELLOW NO. 10,,Hair Dye Substance In Non-Oxidative Hair Dyes Products
"2,6-DIMETHOXY-3,5-PYRIDINEDIAMINE HCL",,Hair Dye Substance In Oxidative Hair Dye Products
HC VIOLET NO 1,,Hair Dye Substance In Oxidative Hair Dye Products
HC VIOLET NO 1,,Hair Dye Substance In Non-Oxidative Hair Dye Products
3-METHYLAMINO-4-NITROPHENOXYETHANOL,,Hair Due Substance In Non-Oxidative Hair Dye Products
2-HYDROXYETHYLAMINO-5-NITROANISOLE,,Hair Dye Substance In Non-Oxidative Hair Dye Products
HC RED NO 13,,Hair Due Substance In Oxidative Hair Dye Products
HC RED NO 13,,Hair Due Substance In Non-Oxidative Hair Dye Products
"1,5-NAPHTHALENEDIOL",,A) Hair Dye Substance In Oxidative Hair Dye Products B) Hair Dye Substance In Non-Oxidative Hair Dye Products
HYDROXYPROPYL BIS(N-HYDROXYETHYL-P-PHENYLENEDIAMINE) HCL,,Hair Dye Substance In Oxidative Hair Dye Products
4-NITRO-O-PHENYLENEDIAMINE,,Hair Dye Substance In Oxidative Hair Dye Products
4-AMINO-2-HYDROXYTOLUENE,,Hair Dye Substance In Oxidative Hair Dye Products
4-AMINO-2-HYDROXYTOLUENE,,Products Intented For Colouring Eyelashes
"2,4-DIAMINOPHENOXYETHANOL HCL",,Hair Dye Substance In Oxidative Hair Dye Products
"2,4-DIAMINOPHENOXYETHANOL HCL",,Products Intended For Colouring Eyelashes
2-METHYLRESORCINOL,,Hair Dye Sub­Stance In Oxidat­Ive Hair Dye Products
2-METHYLRESORCINOL,,Hair Dye Sub­Stance In Non-Oxidative Hair Dye Products
2-METHYLRESORCINOL,,Products In­Tended For Col­Ouring Eyelashes
4-AMINO-M-CRESOL,,Hair Dye Substance In Oxidative Hair Dye Products
4-AMINO-M-CRESOL,,Products Intended For Colouring Eyelashes
2-AMINO-4-HYDROXYETHYLAMINOANISOLE,,Hair Dye Substance In Oxidative Hair Dye Products
2-AMINO-4-HYDROXYETHYLAMINOANISOLE,,Products Intended For Colouring Eyelashes
2-AMINO-4-HYDROXYETHYLAMINOANISOLE SULFATE,,Hair Dye Substance In Oxidative Hair Dye Products
2-AMINO-4-HYDROXYETHYLAMINOANISOLE SULFATE,,Products Intended For Colouring Eyelashes
"HYDROXYETHYL-3,4-METHYLENEDIOXYANILINE HCL",,Hair Dye Substance In Oxidative Hair Dye Products
HC BLUE NO 2,,Hair Dye Substance In Non-Oxidative Hair Dye Products
3-NITRO-P-HYDROXYETHYLAMINOPHENOL,,Hair Dye Substance In Oxidative Hair Dye Products
3-NITRO-P-HYDROXYETHYLAMINOPHENOL,,Hair Dye Substance In Non-Oxidative Hair Dye Products
4-NITROPHENYL AMINOETHYLUREA,,Hair Dye Substance In Oxidative Hair Dye Products
4-NITROPHENYL AMINOETHYLUREA,,Hair Dye Substance In Non-Oxidative Hair Dye Products
HC RED NO 10 + HC RED NO 11,,Hair Dye Substance In Oxidative Hair Dye Products
HC RED NO 10 + HC RED NO 11,,Hair Dye Substance In Non-Oxidative Hair Dye Products
HC RED NO 10+ HC RED NO 11,,Hair Dye Substance In Oxidative Hair Dye Products
HC RED NO 10+ HC RED NO 11,,Hair Dye Substance In Non-Oxidative Hair Dye Products
2-CHLORO-6-ETHYLAMINO-4-NITROPHENOL,,Oxidising Colouring Agents For Hair Dyeing
2-CHLORO-6-ETHYLAMINO-4-NITROPHENOL,,Non-Oxidising Colouring Agents For Hair Dyeing
HC RED NO 7,,Hair Dye Substance In Non-Oxidative Hair Dye Products
2-AMINO-6-CHLORO-4-NITROPHENOL,,Hair Dye Substance In Oxidative Hair Dye Products
2-AMINO-6-CHLORO-4-NITROPHENOL,,Hair Dye Substance In Non- Oxidative Hair Dye Products
HC YELLOW NO. 4,,Hair Dye Substance In Non-Oxidative Hair Dye Products
HC YELLOW NO 4,,Hair Dye Substance In Non-Oxidative Hair Dye Products
ACID RED 33,,Hair Dye Substance In Non-Oxidative Hair Dye Products
HC YELLOW NO 2,,Hair Dye Substance In Oxidative Hair Dye Products
HC YELLOW NO 2,,Hair Dye Substance In Non-Oxidative Hair Dye Products
HC ORANGE NO 1,,Hair Day Substance In Non-Oxidative Hair Dye Products
LAURETH-9,,Leave-On Products
LAURETH-9,,Rinse-Off Products
HC RED NO 1,,Hair Dye Substance In Non-Oxidative Hair Dye Products
HC YELLOW NO 9,,Hair Dye Substance In Non-Oxidative Hair Dye Products
HC YELLOW NO 7,,Hair Dye Substance In Oxidative Hair Dye Products
HC YELLOW NO 13,,"After Mixing Under Oxidative Conditions The Maximum Concentration Applied To Hair Must Not Exceed 2,5% For"
HC YELLOW NO 13,,And
HC YELLOW NO 13,,: - Do Not Use With Nitrosating Agents - Maximum Nitrosamine Content: 50 Microgram/Kg - Keep In Nitrite-Free Containers
BASIC YELLOW 57,,Hair Dye Substance In Non-Oxidative Hair Dye Products
DISPERSE BLACK 9,,Hair Dye Substance In Non-Oxidative Hair Dye Products
HC BLUE NO 14,,Hair Dye Substance In Non-Oxidative Hair Dye Products
DISPERSE VIOLET 1,,Hair Dye Substance In Non-Oxidative Hair Dye Products
HC RED NO 3,,A) Hair Dye Substance In Oxidative Hair Dye Products
HC RED NO 3,,Hair Dye Substance In Non-Oxidative Hair Dye Products
BASIC RED 76,,Hair Dye Substance Non-Oxidative Hair Dye Products
2-AMINO-5- ETHYLPHENOL HCL,,Hair Dye Substance In Oxidative Hair Dye Products
BASIC RED 51,,Hair Dye Substance In Oxidative Hair Dye Products
BASIC RED 51,,Hair Dye Substance In Non-Oxidatie Hair Dye Products
ACID RED 92,,Hair Dye Substance In Oxidative Hair Dye Products
ACID RED 92,,Hair Dye Substance In Non-Oxidative Hair Dye Products
"DISPERSE BLUE 377 IS A MIXTURE OF THREE DYES:(1) 1,4-BIS[(2-HYDROXYETHYL)AMINO]ANTHRA-9,10-QUINONE",,Hair Dye Substance In Non-Oxidative Hair Dye Products
"(2) 1-[(2-HYDROXYETHYL)AMINO]-4-[(3- HYDROXYPROPYL)AMINO]ANTHRA- 9,10-QUINONE",,Hair Dye Substance In Non-Oxidative Hair Dye Products
"(3) 1,4-BIS[(3- HYDROXYPROPYL)AMINO]ANTHRA- 9,10-QUINONE",,Hair Dye Substance In Non-Oxidative Hair Dye Products
P-AMINOPHENOL,,Hair Dye Sub­Stance In Oxidat­Ive Hair Dye Products
P-AMINOPHENOL,,Products In­Tended For Col­Ouring Eyelashes
"1-HYDROXYETHYL-4,5- DIAMINO PYRAZOLE SULFATE",,Hair Dye Substance In Oxidative Hair Dye Products
4-FORMYL-1-METHYLQUINOLINIUM-P-TOLUENESULFONATE,,Hair Dye Substance In Oxidative Hair Dye Products
BASIC YELLOW 87,,Hair Dye Substance In Oxidative Hair Dye Products
BASIC YELLOW 87,,Hair Dye Substance In Non-Oxidative Hair Dye Products
BASIC ORANGE 31,,Hair Dye Substance In Oxidative Hair Dye Products
BASIC ORANGE 31,,Hair Dye Substance In Non-Oxidative Hair Dye Products
"2,6-DIAMINO-3- ((PYRIDINE-3-YL)AZO)PYRIDINE",,Hair Dye Substance In Oxidative Hair Dye Products B) Hair Dye Substance In Non-Oxidative Hair Dye Products
BASIC VIOLET 2,,A) Hair Dye Substance In Oxidative Hair Dye Products B) Hair Dye Substance In Non-Oxidative Hair Dye Products
"2,3-DIAMINODIHYDROPYRAZOLOPYRAZOLONE DIMETHOSULFONATE",,Hair Dye Substance In Oxidative Hair Dye Products
PICRAMIC ACID AND SODIUM PICRAMATE,,Hair Dye Substance In Oxidative Hair Dye Products
PICRAMIC ACID AND SODIUM PICRAMATE,,Hair Dye Substance In Non-Oxidative Hair Dye Products
2-NITRO-5-GLYCERYL METHYLANILINE,,Hair Dye Substance In Oxidative Hair Dye Products
2-NITRO-5-GLYCERYL METHYLANILINE,,Hair Dye Substance In Non-Oxidative Hair Dye Products
HC BLUE 16,,Hair Dye Substance In Non-Oxidative Hair Dye Products
5-AMINO-6-CHLORO-O- CRESOL,,Hair Dye Substance In Oxidative Hair Dye Products
5-AMINO-6-CHLORO-O- CRESOL,,Hair Dye Substance In Non-Oxidative Hair Dye Products
5-AMINO-6-CHLORO-O- CRESOL HCL,,Hair Dye Substance In Oxidative Hair Dye Products
5-AMINO-6-CHLORO-O- CRESOL HCL,,Hair Dye Substance In Non-Oxidative Hair Dye Products
"2,2'-METHYLENEBIS 4-AMINOPHENOL HCL",,Hair Dye Substance In Oxidative Hair Dye Products
"2,2'-METHYLENEBIS 4-AMINOPHENOL HCL",,Hair Dye Substance In Non-Oxidative Hair Dye Products
"2,6-DIAMINOPYRIDINE",,Hair Dye Substance In Oxidative Hair Dye Products
"2,6-DIAMINOPYRIDINE",,Products Intended For Colouring Eyelashes
CETRIMONIUM CHLORIDE (1),,Rinse-Off Hair Products
CETRIMONIUM CHLORIDE (1),,Leave-On Hair Products
CETRIMONIUM CHLORIDE (1),,Leave-On Face Products
STRARTRIMONIUM CHLORIDE (1),,Rinse-Off Hair Products
STRARTRIMONIUM CHLORIDE (1),,Leave-On Hair Products
STRARTRIMONIUM CHLORIDE (1),,Leave-On Face Products
BEHENTRIMONIUM CHLORIDE (1),,Rinse-Off Hair Products
BEHENTRIMONIUM CHLORIDE (1),,Leave-On Hair Products
BEHENTRIMONIUM CHLORIDE (1),,Leave-On Face Products
HC BLUE NO 17,,Hair Dye Substance In Oxidative Hair Dye Products
HC BLUE NO 17,,Hair Dye Substance In Non-Oxidative Hair Dye Products
HC BLUE NO 15,,Hair Dye Substance In Oxidative Hair Dye Products
HC BLUE NO 15,,Hair Dye Substance In Non-Oxidative Hair Dye Products
ACID GREEN 25,,Hair Dye Substance In Non-Oxidative Hair Dye Products
ACID VIOLET 43,,Hair Dye Substance In Non-Oxidative Hair Dye Products
2-METHOXYMETHYL-P-PHENYLENEDIAMINE,,Hair Dye Substance In Oxidative Hair Dye Products
2-METHOXYMETHYL-P-PHENYLENEDIAMINE,,Products Intended For Colouring Eyelashes
2-METHOXYMETHYL-P-PHENYLENEDIAMINE SULFATE,,Hair Dye Substance In Oxidative Hair Dye Products
2-METHOXYMETHYL-P-PHENYLENEDIAMINE SULFATE,,Products Intended For Colouring Eyelashes
HYDROXYANTHRAQUINONE-AMINOPROPYL METHYL MORPHOLINIUM METHOSULFATE,,Hair Dye Substance In Non-Oxidative Hair Dye Products
DISPERSE RED 17,,Hair Dye Substance In Oxidative Hair Dye Products
DISPERSE RED 17,,Hair Dye Substance In Non-Oxidative Hair Dye Products
ACID BLACK 1,,Hair Dye Substance In Non-Oxidative Hair Dye Products
PIGMENT RED 57,,Hair Dye Substance In Non-Oxidative Hair Dye Products
ETHOXYDIGLYCOL,,Oxidative Hair Day Products
ETHOXYDIGLYCOL,,Non-Oxidative Hair Dye Products
ETHOXYDIGLYCOL,,Rinse-Off Products Other Than Hair Dye Products
ETHOXYDIGLYCOL,,Other Non-Spray Cosmetic Products
ETHOXYDIGLYCOL,,"The Following Spray Products: Fine Fragrances, Hair Sprays, Antiperspirant And Deodorant"
HC RED NO 17,,Hair Dye Substance In Non-Oxidative Hair Dye Products
HC YELLOW NO 17,,Hair Dye Substance In Non-Oxidative Hair Dye Products
"1-HEXYL 4,5-DIAMINO PYRAZOLE SULFATE",,Hair Dye Substance In Oxidative Hair Dye Products
"2,5,6-TRIAMINO- 4-PYRIMIDINOL SULFATE",,Hair Dye Substance In Oxidative Hair Dye Products
HYDROXYETHOXY AMINOPYRAZOLOPYRIDINE HCL,,Hair Dye Substance In Oxidative Hair Dye Products
"3-AMINO-2,6- DIMETHYLPHENOL",,Hair Dye Substance In Oxidative Hair Dye Products
BASIC BROWN 17,,Hair Dye Substance In Non-Oxidative Hair Dye Products
BASIC BLUE 124,,Hair Dye Substance In Non-Oxidative Hair Dye Products
ARACHIS HYPOGAEA OIL,,
ARACHIS HYPOGAEA SEEDCOAT EXTRACT,,
ARACHIS HYPOGAEA FLOUR,,
ARACHIS HYPOGAEA FRUIT EXTRACT,,
ARACHIS HYPOGAEA SPROUT EXTRACT,,
HYDROGENATED PEANUT OIL,,
PEANUT ACID,,
PEANUT GLYCERIDES,,
PEANUT OIL PEG-6 ESTERS,,
PEANUTAMIDE MEA,,
PEANUTAMIDE MIPA,,
POTASSIUM PEANUTATE,,
SODIUM PEANUTAMPHOACETATE,,
SODIUM PEANUTATE,,
SULFATED PEANUT OIL,,
HYDROLYZED WHEAT PROTEIN,,
TAGETES MINUTA FLOWER EXTRACT,,Leave-On Products
TAGETES MINUTA FLOWER EXTRACT,,Rinse-Off Products
TAGETES MINUTA FLOWER OIL,,Leave-On Products
TAGETES MINUTA FLOWER OIL,,Rinse-Off Products
TAGETES PATULA FLOWER EXTRACT,,Leave-On Products
TAGETES PATULA FLOWER EXTRACT,,Rinse-Off Products
TAGETES PATULA FLOWER OIL,,Leave-On Products
TAGETES PATULA FLOWER OIL,,Rinse-Off Products
CLIMBAZOLE,,Rinse-Off Anti-Dandruff Shampoo
FURFURAL,Carcinogenic Cat. 2,
HEMA,,Nail Products
DI-HEMA TRIMETHYLHEXYL DICARBAMATE,,Nail Products
DIMETHYLPIPERAZINIUM AMINOPYRAZOLOPYRIDINE HCL,,Hair Dye Substance In Oxidative Hair Dye Products.
METHYLIMIDAZOLIUMPROPYL P-PHENYLENEDIAMINE HCL,,Hair Dye Substance In Oxidative Hair Dye Products.
HC ORANGE NO. 6,,Hair Dye Substance In Non-Oxidative Hair Dye Products
ACID ORANGE 7,,Hair Dye Substance In Non-Oxidative Hair Dye Products.
TETRABROMOPHENOL BLUE,,Hair Dye Substance In Oxidative Hair Dye Products
TETRABROMOPHENOL BLUE,,Hair Dye Substance In Non-Oxidative Hair Dye Products
INDIGOFERA TINCTORIA LEAF,,Hair Dye Substance In Non-Oxidative Hair Dye Products.
INDIGOFERA TINCTORIA LEAF POWDER,,Hair Dye Substance In Non-Oxidative Hair Dye Products.
INDIGOFERA TINCTORIA LEAF EXTRACT,,Hair Dye Substance In Non-Oxidative Hair Dye Products.
INDIGOFERA TINCTORIA EXTRACT,,Hair Dye Substance In Non-Oxidative Hair Dye Products.
TITANIUM DIOXIDE,,Face Products In Loose Powder Form
TITANIUM DIOXIDE,,Hair Aerosol Spray Pro­Ducts
TITANIUM DIOXIDE,,Other Products
DIHYDROXYACETONE,,Hair Dye Substance In Non-Oxidative Hair Dye Products (*)
DIHYDROXYACETONE,,Self-Tanning Products (*) (*) From 26 January 2022 Hair Dye And Self-Tanning Products Containing That Substance And Not Complying With The Restrictions Shall Not Be Placed On The Union Market. From 22 April 2022 Hair Dye And Self-Tanning Products Containing That Substance And Not Complying With The Restrictions Shall Not Be Made Available On The Union Market
METHYL N-METHYLANTHRANILATE,,Leave-On Products
METHYL N-METHYLANTHRANILATE,,Rinse-Off Products
METHYL SALICYLATE,Reprotoxic Cat. 2,"Leave-On Skin Products (Except Face Makeup, Spray/Aerosol Body Lotion, Spray/Aerosol Deodorant And Hydroalcoholic-Based Fragrances) And Leave On Hair Products (Except Spray/Aerosol Products)"
METHYL SALICYLATE,Reprotoxic Cat. 2,"Face Makeup (Except Lip Products, Eye Makeup And Makeup Remover)"
METHYL SALICYLATE,Reprotoxic Cat. 2,Eye Makeup And Makeup Remover
METHYL SALICYLATE,Reprotoxic Cat. 2,Leave-On Hair Products (Spray/Aerosol)
METHYL SALICYLATE,Reprotoxic Cat. 2,Deodorant Spray/Aerosol
METHYL SALICYLATE,Reprotoxic Cat. 2,Body Lotion Spray/Aerosol
METHYL SALICYLATE,Reprotoxic Cat. 2,Rinse-Off Skin Products (Except Hand Wash) And Rinse-Off Hair Products
METHYL SALICYLATE,Reprotoxic Cat. 2,Hand Wash
METHYL SALICYLATE,Reprotoxic Cat. 2,Hydroalcoholic-Based Fragrances
METHYL SALICYLATE,Reprotoxic Cat. 2,Lip Products
METHYL SALICYLATE,Reprotoxic Cat. 2,Toothpaste
METHYL SALICYLATE,Reprotoxic Cat. 2,Mouthwash Intended For Children Aged 6–10 Years
METHYL SALICYLATE,Reprotoxic Cat. 2,Mouthwash Intended For Children Above 10 Years Of Age And Adults
METHYL SALICYLATE,Reprotoxic Cat. 2,Mouth Spray
BUTYLATED HYDROXYTOLUENE,,A) Mouthwash B) Toothpaste C) Other Leave-On And Rinse-Off Products
ACID YELLOW 3,,Non-Oxidative Hair Dye Products
ACETYL CEDRENE,,
AMYL SALICYLATE,,
ANETHOLE,,
BENZALDEHYDE,,
CAMPHOR,,
BETA- CARYOPHYLLENE,,
CARVONE,,
DIMETHYL PHENETHYL ACETATE,,
HEXADECANOLACTONE,,
HEXAMETHYLINDANOPYRAN,,
LINALYL ACETATE,,
MENTHOL,,
TRIMETHYLCYCLOPENTENYL METHYLISOPENTENOL,,
SALICYLALDEHYDE,,
SANTALOL,,
SCLAREOL,,
TERPINEOL,,
TETRAMETHYL ACETYLOCTAHYDRONAPHTHALENES,,
TRIMETHYLBENZENEPROPANOL,,
VANILLIN,,
CANANGA ODORATA FLOWER EXTRACT,,
CANANGA ODORATA FLOWER OIL,,
CINNAMOMUM CASSIA LEAF OIL,,
CINNAMOMUM ZEYLANICUM BARK OIL,,
CITRUS AURANTIUM AMARA FLOWER OIL,,
CITRUS AURANTIUM DULCIS FLOWER OIL,,
CITRUS AURANTIUM AMARA PEEL OIL,,
CITRUS AURANTIUM DULCIS PEEL OIL,,
CITRUS SINENSIS PEEL OIL,,
CITRUS AURANTIUM BERGAMIA PEEL OIL,,
CITRUS LIMON PEEL OIL,,
CYMBOPOGON SCHOENANTHUS OIL,,
CYMBOPOGON FLEXUOSUS OIL,,
CYMBOPOGON CITRATUS LEAF OIL,,
EUCALYPTUS GLOBULUS LEAF OIL,,
EUCALYPTUS GLOBULUS LEAF,,
TWIG OIL,,
EUGENIA CARYOPHYLLUS LEAF OIL,,
EUGENIA CARYOPHYLLUS FLOWER OIL,,
EUGENIA CARYOPHYLLUS STEM OIL,,
EUGENIA CARYOPHYLLUS BUD OIL,,
JASMINUM GRANDIFLORUM FLOWER EXTRACT,,
JASMINUM OFFICINALE OIL,,
JASMINUM OFFICINALE FLOWER EXTRACT,,
JUNIPERUS VIRGINIANA OIL,,
JUNIPERUS VIRGINIANA WOOD OIL,,
LAURUS NOBILIS LEAF OIL,,
LAVANDULA HYBRIDA OIL,,
LAVANDULA HYBRIDA EXTRACT,,
LAVANDULA HYBRIDA FLOWER EXTRACT,,
LAVANDULA INTERMEDIA FLOWER,,
LEAF,,
STEM EXTRACT,,
STEM OIL,,
LAVANDULA INTERMEDIA OIL,,
LAVANDULA ANGUSTIFOLIA OIL,,
LAVANDULA ANGUSTIFOLIA FLOWER,,
MENTHA PIPERITA OIL,,
MENTHA VIRIDIS LEAF OIL,,
NARCISSUS POETICUS EXTRACT,,
NARCISSUS PSEUDONARCISSUS FLOWER EXTRACT,,
"NARCISSUS JONQUILLA EXTRACT, NARCISSUS TAZETTA EXTRACT",,
PELARGONIUM GRAVEOLENS FLOWER OIL,,
POGOSTEMON CABLIN OIL,,
ROSA DAMASCENA FLOWER OIL,,
ROSA DAMASCENA FLOWER EXTRACT,,
ROSA ALBA FLOWER OIL,,
ROSA ALBA FLOWER EXTRACT,,
ROSA CANINA FLOWER OIL,,
ROSA CENTIFOLIA FLOWER OIL,,
ROSA CENTIFOLIA FLOWER EXTRACT,,
ROSA GALLICA FLOWER OIL,,
ROSA MOSCHATA FLOWER OIL,,
ROSA RUGOSA FLOWER OIL,,
SANTALUM ALBUM OIL,,
"PHENOL, 2-METHOXY- 4-(2-PROPENYL)-, ACETATE",,
GERANYL ACETATE,,
ISOEUGENYL ACETATE,,
PINENE,,
HYDROXYAPATITE (NANO),,Toothpaste
HYDROXYAPATITE (NANO),,Mouthwash
GENISTEIN,,
DAIDZEIN,,
KOJIC ACID,,Face And Hand Products
RETINOL,,Body Lotion
RETINOL,,Other Leave-On And Rinse-Off Products
RETINYL ACETATE,,Body Lotion
RETINYL ACETATE,,Other Leave-On And Rinse-Off Products
RETINYL PALMITATE,,Body Lotion
RETINYL PALMITATE,,Other Leave-On And Rinse-Off Products
ALPHA-ARBUTIN,,Face Cream
ALPHA-ARBUTIN,,Body Lotion
ARBUTIN,,Face Cream
SILVER,,Toothpaste
SILVER,,Mouthwash
HEXYL SALICYLATE,,Hydroalcoholic-Based Fragrances (Except Hydroalcoholic-Based Fragrances Intended For Children Below 3 Years Of Age)
HEXYL SALICYLATE,,"All Rinse-Off Products (Except Shower Gel/Bath Products, Hand Wash, Hair Conditioner And Shampoo Intended For Children Below 3 Years Of Age)"
HEXYL SALICYLATE,,"All Leave-On Products (Except Hair Conditioner, Body Lotion, Face Cream, Hand Cream, Lipstick/Lip Balm And Fragrance Products Intended For Children Below 3 Years Of Age)"
HEXYL SALICYLATE,,Toothpaste
HEXYL SALICYLATE,,Mouthwash
HEXYL SALICYLATE,,"Shower Gel/Bath Products, Hand Wash, Shampoo, Hair Conditioner, Body, Face And Hand (Skin) Care Products, Lipstick/Lip Balm And Fragrance Products Intended For Children Below 3 Years Of Age"
